time,,hex,callsign,latitude,longitude,no_position,altitude,squawk,speed,track,vspeed
2022-03-21 05:16:36Z.242,1647839796.242,0x780db8,,0,0,N,7850,0,174,214,1792
2022-03-21 05:16:42Z.802,1647839802.802,0x780db8,CES5735,25.09502,102.91204,P,8100,0,178,218,2624
2022-03-21 05:16:48Z.212,1647839808.212,0x780db8,CES5735,25.09154,102.90868,P,8300,2101,179,222,2048
2022-03-21 05:16:53Z.632,1647839813.632,0x780db8,CES5735,25.08835,102.90505,P,8400,2101,183,227,1024
2022-03-21 05:16:58Z.059,1647839818.059,0x780db8,,0,0,N,8450,0,189,229,1152
2022-03-21 05:16:59Z.054,1647839819.054,0x780db8,CES5735,25.08537,102.90127,P,8500,2101,190,229,1344
2022-03-21 05:17:01Z.235,1647839821.235,0x780db8,,0,0,N,8550,2101,191,229,960
2022-03-21 05:17:02Z.942,1647839822.942,0x780db8,,25.08339,102.89871,P,8575,2101,192,229,1600
2022-03-21 05:17:04Z.664,1647839824.664,0x780db8,CES5735,25.08197,102.89688,P,8600,2101,197,229,1088
2022-03-21 05:17:06Z.029,1647839826.029,0x780db8,,25.08147,102.89627,P,8625,2101,198,229,896
2022-03-21 05:17:08Z.665,1647839828.665,0x780db8,CES5735,25.07982,102.89404,P,8650,2101,200,230,640
2022-03-21 05:17:10Z.248,1647839830.248,0x780db8,CES5735,25.07858,102.89246,P,8675,2101,204,230,640
2022-03-21 05:17:11Z.420,1647839831.420,0x780db8,CES5735,25.07918,102.89323,P,8700,2101,203,230,704
2022-03-21 05:17:14Z.531,1647839834.531,0x780db8,CES5735,25.0762,102.88934,P,8750,2101,209,230,1024
2022-03-21 05:17:15Z.493,1647839835.493,0x780db8,CES5735,25.07533,102.88818,P,8775,2101,210,230,1088
2022-03-21 05:17:17Z.375,1647839837.375,0x780db8,CES5735,25.07433,102.88686,P,8825,2101,203,230,704
2022-03-21 05:17:19Z.746,1647839839.746,0x780db8,CES5735,25.07318,102.88535,P,8875,2101,211,230,1984
2022-03-21 05:17:21Z.137,1647839841.137,0x780db8,CES5735,25.07176,102.88351,P,8925,2101,215,230,1344
2022-03-21 05:17:23Z.219,1647839843.219,0x780db8,CES5735,25.07071,102.88213,P,8950,2101,216,230,1088
2022-03-21 05:17:25Z.418,1647839845.418,0x780db8,CES5735,25.06915,102.88004,P,8975,2101,221,230,704
2022-03-21 05:17:26Z.579,1647839846.579,0x780db8,CES5735,25.0681,102.87862,P,8975,2101,222,230,704
2022-03-21 05:17:28Z.670,1647839848.670,0x780db8,CES5735,25.0674,102.87774,P,9000,2101,225,230,704
2022-03-21 05:17:30Z.756,1647839850.756,0x780db8,CES5735,25.06535,102.87501,P,9050,2101,230,230,896
2022-03-21 05:17:31Z.663,1647839851.663,0x780db8,CES5735,25.0647,102.87406,P,9075,2101,230,230,896
2022-03-21 05:17:34Z.090,1647839854.090,0x780db8,CES5735,25.0643,102.87354,P,9100,2101,233,230,1344
2022-03-21 05:17:37Z.073,1647839857.073,0x780db8,CES5735,25.06151,102.86982,P,9175,2101,235,230,1344
2022-03-21 05:17:37Z.333,1647839857.333,0x780db8,CES5735,25.06064,102.86865,P,9200,2101,237,230,1216
2022-03-21 05:17:39Z.494,1647839859.494,0x780db8,CES5735,25.05968,102.86732,P,9225,2101,238,230,1280
2022-03-21 05:17:41Z.852,1647839861.852,0x780db8,CES5735,25.0578,102.86484,P,9275,2101,242,230,1216
2022-03-21 05:17:42Z.935,1647839862.935,0x780db8,CES5735,25.05679,102.86349,P,9300,2101,245,231,1152
2022-03-21 05:17:44Z.802,1647839864.802,0x780db8,CES5735,25.05606,102.8625,P,9300,2101,242,230,1216
2022-03-21 05:17:47Z.207,1647839867.207,0x780db8,CES5735,25.05386,102.8595,P,9350,2101,251,231,960
2022-03-21 05:17:48Z.845,1647839868.845,0x780db8,CES5735,25.05297,102.85831,P,9400,2101,254,230,1088
2022-03-21 05:17:49Z.511,1647839869.511,0x780db8,CES5735,25.05237,102.85748,P,9400,2101,254,230,1088
2022-03-21 05:17:53Z.209,1647839873.209,0x780db8,CES5735,25.04974,102.85406,P,9525,2101,256,230,2112
2022-03-21 05:17:55Z.311,1647839875.311,0x780db8,CES5735,25.04851,102.85248,P,9650,2101,256,229,3200
2022-03-21 05:17:58Z.047,1647839878.047,0x780db8,CES5735,25.04557,102.84877,P,9825,2101,254,228,3840
2022-03-21 05:17:59Z.443,1647839879.443,0x780db8,CES5735,25.04448,102.84739,P,9925,2101,254,228,3840
2022-03-21 05:18:00Z.646,1647839880.646,0x780db8,CES5735,25.0442,102.84704,P,9950,2101,254,228,3840
2022-03-21 05:18:03Z.351,1647839883.351,0x780db8,CES5735,25.04161,102.84369,P,10150,2101,252,229,3904
2022-03-21 05:18:05Z.144,1647839885.144,0x780db8,CES5735,25.03984,102.84131,P,10275,2101,251,230,3904
2022-03-21 05:18:05Z.486,1647839885.486,0x780db8,CES5735,25.04161,102.84369,P,10275,2101,251,229,3904
2022-03-21 05:18:08Z.627,1647839888.627,0x780db8,CES5735,25.0378,102.83856,P,10475,2101,249,231,4032
2022-03-21 05:18:10Z.365,1647839890.365,0x780db8,CES5735,25.03624,102.83636,P,10625,2101,247,231,4032
2022-03-21 05:18:11Z.904,1647839891.904,0x780db8,CES5735,25.03551,102.8354,P,10675,2101,247,231,4032
2022-03-21 05:18:12Z.987,1647839892.987,0x780db8,CES5735,25.0345,102.83401,P,10750,2101,247,231,4032
2022-03-21 05:18:13Z.983,1647839893.983,0x780db8,CES5735,25.03379,102.83307,P,10800,2101,246,231,3968
2022-03-21 05:18:15Z.969,1647839895.969,0x780db8,CES5735,25.03207,102.83068,P,10925,2101,246,231,3456
2022-03-21 05:18:20Z.014,1647839900.014,0x780db8,CES5735,25.02979,102.82758,P,11100,2101,245,231,3200
2022-03-21 05:18:21Z.842,1647839901.842,0x780db8,CES5735,25.02795,102.82507,P,11250,2101,245,231,3584
2022-03-21 05:18:22Z.497,1647839902.497,0x780db8,CES5735,25.02795,102.82507,P,11250,2101,245,231,3264
2022-03-21 05:18:25Z.335,1647839905.335,0x780db8,CES5735,25.02621,102.82272,P,11400,2101,244,230,3840
2022-03-21 05:18:26Z.935,1647839906.935,0x780db8,CES5735,25.02434,102.82027,P,11525,2101,243,229,3712
2022-03-21 05:18:27Z.344,1647839907.344,0x780db8,CES5735,25.02434,102.82027,P,11525,2101,244,230,3776
2022-03-21 05:18:30Z.655,1647839910.655,0x780db8,CES5735,25.02173,102.81713,P,11675,2101,244,227,3328
2022-03-21 05:18:32Z.321,1647839912.321,0x780db8,CES5735,25.02003,102.81535,P,11750,2101,246,224,2816
2022-03-21 05:18:32Z.698,1647839912.698,0x780db8,CES5735,25.02052,102.81586,P,11725,2101,246,224,2816
2022-03-21 05:18:36Z.021,1647839916.021,0x780db8,CES5735,25.01788,102.81342,P,11875,2101,249,219,2560
2022-03-21 05:18:37Z.093,1647839917.093,0x780db8,CES5735,25.01555,102.81168,P,11925,2101,251,214,3136
2022-03-21 05:18:37Z.996,1647839917.996,0x780db8,CES5735,25.01494,102.8113,P,11950,2101,251,214,3136
2022-03-21 05:18:41Z.215,1647839921.215,0x780db8,CES5735,25.01112,102.80918,P,12125,2101,254,205,3776
2022-03-21 05:18:42Z.928,1647839922.928,0x780db8,CES5735,25.00951,102.80853,P,12175,2101,255,203,3776
2022-03-21 05:18:43Z.044,1647839923.044,0x780db8,CES5735,25.00905,102.80838,P,12200,2101,256,201,3776
2022-03-21 05:18:46Z.564,1647839926.564,0x780db8,CES5735,25.00512,102.80711,P,12350,2101,260,194,3584
2022-03-21 05:18:47Z.736,1647839927.736,0x780db8,CES5735,25.00392,102.8068,P,12400,2101,259,196,3712
2022-03-21 05:18:48Z.363,1647839928.363,0x780db8,CES5735,25.0027,102.80653,P,12425,2101,261,192,3456
2022-03-21 05:18:52Z.282,1647839932.282,0x780db8,CES5735,24.99857,102.80594,P,12550,2101,266,186,3136
2022-03-21 05:18:53Z.834,1647839933.834,0x780db8,CES5735,24.99605,102.80584,P,12650,2101,269,182,3264
2022-03-21 05:18:54Z.217,1647839934.217,0x780db8,CES5735,24.99605,102.80584,P,12650,2101,269,182,3264
2022-03-21 05:18:57Z.987,1647839937.987,0x780db8,CES5735,24.9912,102.80612,P,12775,2101,275,178,2496
2022-03-21 05:18:58Z.887,1647839938.887,0x780db8,CES5735,24.98991,102.8063,P,12850,2101,277,174,2560
2022-03-21 05:18:59Z.604,1647839939.604,0x780db8,CES5735,24.98915,102.80638,P,12850,2101,277,174,2560
2022-03-21 05:19:03Z.362,1647839943.362,0x780db8,CES5735,24.98483,102.80741,P,13050,2101,280,167,3968
2022-03-21 05:19:04Z.197,1647839944.197,0x780db8,CES5735,24.98361,102.80778,P,13125,2101,280,165,4224
2022-03-21 05:19:04Z.432,1647839944.432,0x780db8,CES5735,24.98361,102.80778,P,13100,2101,280,167,3968
2022-03-21 05:19:08Z.625,1647839948.625,0x780db8,CES5735,24.97812,102.80985,P,13325,2101,285,159,3968
2022-03-21 05:19:09Z.721,1647839949.721,0x780db8,CES5735,24.97641,102.81062,P,13350,2101,289,156,3136
2022-03-21 05:19:10Z.843,1647839950.843,0x780db8,CES5735,24.97518,102.81125,P,13375,2101,287,157,3520
2022-03-21 05:19:14Z.003,1647839954.003,0x780db8,CES5735,24.97105,102.81367,P,13450,2101,298,150,2112
2022-03-21 05:19:15Z.142,1647839955.142,0x780db8,CES5735,24.96964,102.81464,P,13475,2101,300,148,2112
2022-03-21 05:19:16Z.146,1647839956.146,0x780db8,CES5735,24.97055,102.81397,P,13500,2101,298,150,2112
2022-03-21 05:19:19Z.320,1647839959.320,0x780db8,CES5735,24.96556,102.81799,P,13625,2101,307,142,3008
2022-03-21 05:19:20Z.104,1647839960.104,0x780db8,CES5735,24.96423,102.81916,P,13675,2101,307,140,3136
2022-03-21 05:19:21Z.997,1647839961.997,0x780db8,CES5735,24.96249,102.82084,P,13725,2101,308,139,3136
2022-03-21 05:19:25Z.147,1647839965.147,0x780db8,CES5735,24.95898,102.82457,P,13850,2101,312,136,2752
2022-03-21 05:19:25Z.400,1647839965.400,0x780db8,CES5735,24.95837,102.82526,P,13850,2101,316,135,2624
2022-03-21 05:19:26Z.795,1647839966.795,0x780db8,CES5735,24.95773,102.82597,P,13875,2101,318,134,2432
2022-03-21 05:19:28Z.473,1647839968.473,0x780db8,CES5735,24.95577,102.82841,P,13900,2101,319,133,2176
2022-03-21 05:19:30Z.315,1647839970.315,0x780db8,CES5735,24.95403,102.83066,P,13950,2101,322,131,1792
2022-03-21 05:19:31Z.417,1647839971.417,0x780db8,CES5735,24.95265,102.83244,P,13950,2101,327,129,1600
2022-03-21 05:19:36Z.453,1647839976.453,0x780db8,CES5735,24.94804,102.8396,P,14100,2101,336,125,2304
2022-03-21 05:19:36Z.552,1647839976.552,0x780db8,CES5735,24.94804,102.8396,P,14100,2101,334,126,2112
2022-03-21 05:19:38Z.368,1647839978.368,0x780db8,CES5735,24.94684,102.84159,P,14150,2101,319,133,2176
2022-03-21 05:19:41Z.969,1647839981.969,0x780db8,CES5735,24.94368,102.8476,P,14300,2101,342,120,2496
2022-03-21 05:19:42Z.367,1647839982.367,0x780db8,CES5735,24.94368,102.8476,P,14300,2101,341,120,2496
2022-03-21 05:19:44Z.278,1647839984.278,0x780db8,CES5735,24.94264,102.84975,P,14350,2101,343,119,2496
2022-03-21 05:19:46Z.990,1647839986.990,0x780db8,CES5735,24.93997,102.85574,P,14500,2101,347,115,2624
2022-03-21 05:19:47Z.185,1647839987.185,0x780db8,CES5735,24.93997,102.85574,P,14500,2101,344,118,2496
2022-03-21 05:19:49Z.087,1647839989.087,0x780db8,CES5735,24.93892,102.85833,P,14575,2101,348,114,2688
2022-03-21 05:19:52Z.109,1647839992.109,0x780db8,CES5735,24.93664,102.86385,P,14725,2101,349,114,2816
2022-03-21 05:19:52Z.506,1647839992.506,0x780db8,CES5735,24.93692,102.86317,P,14700,2101,350,114,2816
2022-03-21 05:19:54Z.472,1647839994.472,0x780db8,CES5735,24.93599,102.86545,P,14800,2101,350,114,2880
2022-03-21 05:19:57Z.566,1647839997.566,0x780db8,CES5735,24.9331,102.8723,P,14975,2101,350,114,2944
2022-03-21 05:19:57Z.899,1647839997.899,0x780db8,CES5735,24.93338,102.87162,P,14950,2101,350,114,2944
2022-03-21 05:19:59Z.820,1647839999.820,0x780db8,CES5735,24.93155,102.87582,P,15075,2101,350,114,2944
2022-03-21 05:20:02Z.652,1647840002.652,0x780db8,CES5735,24.92931,102.88101,P,15200,2101,352,115,2816
2022-03-21 05:20:03Z.769,1647840003.769,0x780db8,CES5735,24.92903,102.88168,P,15225,2101,353,115,2752
2022-03-21 05:20:05Z.692,1647840005.692,0x780db8,CES5735,24.92958,102.8804,P,15300,2101,354,115,2688
2022-03-21 05:20:07Z.646,1647840007.646,0x780db8,CES5735,24.92587,102.88885,P,15425,2101,355,115,2880
2022-03-21 05:20:08Z.489,1647840008.489,0x780db8,CES5735,24.92587,102.88885,P,15425,2101,354,115,2752
2022-03-21 05:20:10Z.567,1647840010.567,0x780db8,CES5735,24.92413,102.89271,P,15550,2101,355,115,3008
2022-03-21 05:20:12Z.688,1647840012.688,0x780db8,CES5735,24.92212,102.89729,P,15675,2101,356,115,3200
2022-03-21 05:20:14Z.215,1647840014.215,0x780db8,CES5735,24.92109,102.8996,P,15750,2101,356,115,3200
2022-03-21 05:20:16Z.434,1647840016.434,0x780db8,CES5735,24.91993,102.9022,P,15825,2101,356,115,3200
2022-03-21 05:20:18Z.150,1647840018.150,0x780db8,CES5735,24.91805,102.90644,P,15975,2101,356,116,3456
2022-03-21 05:20:19Z.550,1647840019.550,0x780db8,CES5735,24.91745,102.90771,P,16025,2101,355,116,3584
2022-03-21 05:20:20Z.730,1647840020.730,0x780db8,CES5735,24.91745,102.90771,P,16100,2101,356,115,3200
2022-03-21 05:20:22Z.887,1647840022.887,0x780db8,CES5735,24.91471,102.91386,P,16250,2101,354,116,3904
2022-03-21 05:20:25Z.754,1647840025.754,0x780db8,CES5735,24.91266,102.91837,P,16425,2101,354,115,3840
2022-03-21 05:20:28Z.224,1647840028.224,0x780db8,CES5735,24.91141,102.9213,P,16525,2101,352,116,3712
2022-03-21 05:20:28Z.366,1647840028.366,0x780db8,CES5735,24.91066,102.92293,P,16575,2101,352,115,3584
2022-03-21 05:20:31Z.504,1647840031.504,0x780db8,CES5735,24.90967,102.92516,P,16700,2101,352,115,3136
2022-03-21 05:20:33Z.391,1647840033.391,0x780db8,CES5735,24.90706,102.93096,P,16800,2101,352,116,2880
2022-03-21 05:20:33Z.677,1647840033.677,0x780db8,CES5735,24.9075,102.92998,P,16775,2101,352,116,2880
2022-03-21 05:20:37Z.271,1647840037.271,0x780db8,CES5735,24.90445,102.93676,P,16950,2101,353,116,2688
2022-03-21 05:20:38Z.380,1647840038.380,0x780db8,CES5735,24.90372,102.93837,P,16975,2101,353,116,2688
2022-03-21 05:20:38Z.468,1647840038.468,0x780db8,CES5735,24.9034,102.939,P,17000,2101,353,116,2688
2022-03-21 05:20:38Z.478,1647840038.478,0x780db8,CES5735,24.90413,102.93742,P,16950,2101,353,116,2688
2022-03-21 05:20:43Z.798,1647840043.798,0x780db8,CES5735,24.89973,102.94703,P,17200,2101,353,116,2752
2022-03-21 05:20:44Z.409,1647840044.409,0x780db8,CES5735,24.89898,102.94863,P,17250,2101,353,116,2752
2022-03-21 05:20:48Z.016,1647840048.016,0x780db8,CES5735,24.89708,102.95283,P,17375,2101,353,116,2752
2022-03-21 05:20:48Z.492,1647840048.492,0x780db8,CES5735,24.89665,102.95381,P,17400,2101,353,116,2752
2022-03-21 05:20:49Z.288,1647840049.288,0x780db8,CES5735,24.89544,102.95635,P,17450,2101,354,116,2752
2022-03-21 05:20:50Z.532,1647840050.532,0x780db8,CES5735,24.89455,102.95827,P,17500,2101,353,116,2752
2022-03-21 05:20:53Z.838,1647840053.838,0x780db8,CES5735,24.89323,102.96117,P,17625,2101,352,116,2880
2022-03-21 05:20:54Z.810,1647840054.810,0x780db8,CES5735,24.89149,102.96503,P,17700,2101,352,116,2880
2022-03-21 05:20:57Z.910,1647840057.910,0x780db8,CES5735,24.88925,102.96983,P,17825,2101,352,116,2816
2022-03-21 05:21:00Z.125,1647840060.125,0x780db8,CES5735,24.88852,102.97144,P,17875,2101,352,116,2880
2022-03-21 05:21:00Z.164,1647840060.164,0x780db8,CES5735,24.88733,102.97399,P,17925,2101,352,116,2688
2022-03-21 05:21:02Z.320,1647840062.320,0x780db8,CES5735,24.88646,102.97592,P,17975,2101,352,116,2880
2022-03-21 05:21:05Z.031,1647840065.031,0x780db8,CES5735,24.8838,102.98172,P,18075,2101,353,116,2304
2022-03-21 05:21:10Z.355,1647840070.355,0x780db8,CES5735,24.88055,102.98884,P,18200,2101,355,116,2048
2022-03-21 05:21:10Z.433,1647840070.433,0x780db8,CES5735,0,0,N,18225,2101,356,116,1920
2022-03-21 05:21:10Z.800,1647840070.800,0x780db8,CES5735,24.87952,102.99113,P,18250,2101,358,116,1664
2022-03-21 05:21:14Z.669,1647840074.669,0x780db8,CES5735,24.87726,102.99606,P,18300,2101,355,116,2048
2022-03-21 05:21:14Z.704,1647840074.704,0x780db8,CES5735,24.87698,102.99673,P,18300,2101,361,116,1152
2022-03-21 05:21:15Z.696,1647840075.696,0x780db8,CES5735,24.87593,102.99905,P,18300,2101,362,116,1024
2022-03-21 05:21:19Z.997,1647840079.997,0x780db8,CES5735,0,0,N,18350,2101,367,116,704
2022-03-21 05:21:20Z.641,1647840080.641,0x780db8,CES5735,24.87305,103.00537,P,18350,2101,364,116,896
2022-03-21 05:21:21Z.138,1647840081.138,0x780db8,CES5735,24.87213,103.00741,P,18375,2101,370,116,640
2022-03-21 05:21:26Z.488,1647840086.488,0x780db8,CES5735,24.86797,103.01657,P,18450,2101,372,116,1088
2022-03-21 05:21:26Z.615,1647840086.615,0x780db8,CES5735,24.86751,103.01758,P,18475,2101,373,116,1344
2022-03-21 05:21:27Z.485,1647840087.485,0x780db8,CES5735,24.86751,103.01758,P,18475,2101,373,116,1344
2022-03-21 05:21:31Z.273,1647840091.273,0x780db8,CES5735,24.86397,103.02548,P,18575,2101,375,116,1408
2022-03-21 05:21:31Z.356,1647840091.356,0x780db8,CES5735,24.86691,103.01895,P,18550,2101,375,116,1408
2022-03-21 05:21:32Z.552,1647840092.552,0x780db8,CES5735,24.86336,103.02689,P,18575,2101,377,116,1408
2022-03-21 05:21:36Z.945,1647840096.945,0x780db8,CES5735,24.85964,103.03517,P,18700,2101,381,116,1472
2022-03-21 05:21:37Z.246,1647840097.246,0x780db8,CES5735,0,0,N,18550,2101,380,116,1344
2022-03-21 05:21:37Z.536,1647840097.536,0x780db8,CES5735,24.85918,103.03625,P,18700,2101,381,116,1472
2022-03-21 05:21:42Z.208,1647840102.208,0x780db8,CES5735,24.85547,103.04464,P,18875,2101,382,116,2240
2022-03-21 05:21:43Z.750,1647840103.750,0x780db8,CES5735,24.85547,103.04464,P,18900,2101,382,116,2240
2022-03-21 05:21:47Z.454,1647840107.454,0x780db8,CES5735,24.85139,103.05374,P,19100,2101,382,115,2880
2022-03-21 05:21:48Z.971,1647840108.971,0x780db8,CES5735,24.85065,103.05549,P,19150,2101,382,115,2880
2022-03-21 05:21:52Z.693,1647840112.693,0x780db8,CES5735,24.84737,103.06284,P,19300,2101,383,115,2496
2022-03-21 05:21:54Z.057,1647840114.057,0x780db8,CES5735,24.84673,103.06427,P,19325,2101,383,115,2624
2022-03-21 05:21:54Z.662,1647840114.662,0x780db8,CES5735,0,0,N,19350,2101,382,115,2752
2022-03-21 05:21:58Z.084,1647840118.084,0x780db8,CES5735,24.84377,103.07093,P,19500,2101,385,116,2368
2022-03-21 05:21:59Z.707,1647840119.707,0x780db8,CES5735,24.84265,103.07343,P,19550,2101,385,116,2368
2022-03-21 05:21:59Z.964,1647840119.964,0x780db8,CES5735,24.84218,103.07451,P,19550,2101,386,116,2368
2022-03-21 05:22:01Z.477,1647840121.477,0x780db8,CES5735,24.84045,103.07836,P,19625,2101,385,116,2496
2022-03-21 05:22:05Z.271,1647840125.271,0x780db8,CES5735,24.83841,103.08295,P,19750,2101,385,116,2560
2022-03-21 05:22:05Z.337,1647840125.337,0x780db8,CES5735,24.83794,103.08401,P,19750,2101,385,116,2560
2022-03-21 05:22:08Z.353,1647840128.353,0x780db8,CES5735,24.8351,103.09036,P,19900,2101,386,116,2496
2022-03-21 05:22:10Z.443,1647840130.443,0x780db8,CES5735,24.83399,103.09285,P,19950,2101,388,116,2432
2022-03-21 05:22:10Z.864,1647840130.864,0x780db8,CES5735,24.83354,103.09393,P,19950,2101,387,116,2432
2022-03-21 05:22:13Z.842,1647840133.842,0x780db8,CES5735,24.83066,103.10028,P,20075,2101,387,116,2176
2022-03-21 05:22:15Z.191,1647840135.191,0x780db8,CES5735,24.83322,103.09464,P,20125,2101,387,116,2304
2022-03-21 05:22:15Z.576,1647840135.576,0x780db8,CES5735,24.82989,103.10203,P,20125,2101,388,116,2176
2022-03-21 05:22:18Z.482,1647840138.482,0x780db8,CES5735,24.82701,103.10845,P,20250,2101,388,116,2112
2022-03-21 05:22:19Z.913,1647840139.913,0x780db8,CES5735,24.82654,103.10954,P,20250,2101,389,116,2176
2022-03-21 05:22:21Z.504,1647840141.504,0x780db8,CES5735,24.82558,103.11167,P,20300,2101,389,116,2176
2022-03-21 05:22:27Z.566,1647840147.566,0x780db8,CES5735,24.8205,103.12215,P,20500,2101,388,116,2112
2022-03-21 05:22:28Z.613,1647840148.613,0x780db8,CES5735,24.81812,103.12612,P,20550,2101,388,116,2112
2022-03-21 05:22:34Z.181,1647840154.181,0x780db8,CES5735,24.81272,103.1341,P,20700,2101,387,127,1600
2022-03-21 05:22:36Z.244,1647840156.244,0x780db8,CES5735,24.81056,103.1368,P,20725,2101,387,127,1600
2022-03-21 05:22:38Z.917,1647840158.917,0x780db8,CES5735,24.80717,103.14087,P,20825,2101,386,133,1728
2022-03-21 05:22:41Z.601,1647840161.601,0x780db8,CES5735,0,0,N,20900,2101,389,116,2176
2022-03-21 05:22:43Z.278,1647840163.278,0x780db8,CES5735,24.80587,103.14229,P,20850,2101,386,135,1664
2022-03-21 05:22:44Z.865,1647840164.865,0x780db8,CES5735,24.79912,103.14886,P,21000,2101,384,139,1472
2022-03-21 05:22:48Z.606,1647840168.606,0x780db8,CES5735,24.80052,103.14758,P,21100,2101,384,138,1536
2022-03-21 05:22:50Z.414,1647840170.414,0x780db8,CES5735,24.79028,103.15567,P,21175,2101,384,146,1664
2022-03-21 05:22:51Z.825,1647840171.825,0x780db8,CES5735,24.78874,103.1567,P,21200,2101,384,138,1536
2022-03-21 05:22:52Z.316,1647840172.316,0x780db8,CES5735,0,0,N,21225,2101,384,116,2176
2022-03-21 05:22:55Z.934,1647840175.934,0x780db8,CES5735,24.7814,103.16086,P,21350,2101,382,153,1728
2022-03-21 05:22:56Z.099,1647840176.099,0x780db8,CES5735,24.78204,103.1605,P,21325,2101,384,138,1536
2022-03-21 05:22:59Z.253,1647840179.253,0x780db8,CES5735,0,0,N,21225,2101,384,116,2176
2022-03-21 05:23:00Z.888,1647840180.888,0x780db8,CES5735,24.77319,103.16478,P,21500,2101,384,157,1984
2022-03-21 05:23:06Z.413,1647840186.413,0x780db8,CES5735,24.76424,103.16874,P,21700,2101,386,158,2112
2022-03-21 05:23:11Z.757,1647840191.757,0x780db8,CES5735,24.75549,103.17245,P,21850,2101,387,158,1984
2022-03-21 05:23:16Z.115,1647840196.115,0x780db8,CES5735,24.74808,103.17561,P,22000,2101,390,158,2112
2022-03-21 05:23:22Z.554,1647840202.554,0x780db8,CES5735,24.73654,103.18049,P,22225,2101,391,158,2304
2022-03-21 05:23:27Z.898,1647840207.898,0x780db8,CES5735,24.72771,103.18426,P,22400,2101,393,158,2112
2022-03-21 05:23:29Z.149,1647840209.149,0x780db8,CES5735,0,0,N,22425,2101,384,116,2176
2022-03-21 05:23:31Z.569,1647840211.569,0x780db8,CES5735,0,0,N,22450,2101,382,154,1728
2022-03-21 05:23:33Z.283,1647840213.283,0x780db8,CES5735,24.71849,103.18816,P,22575,2101,394,158,2048
2022-03-21 05:23:35Z.593,1647840215.593,0x780db8,CES5735,0,0,N,22625,2101,384,116,2176
2022-03-21 05:23:36Z.854,1647840216.854,0x780db8,CES5735,24.71338,103.19031,P,22675,2101,394,158,1984
2022-03-21 05:23:38Z.756,1647840218.756,0x780db8,CES5735,24.70926,103.19204,P,22750,2101,396,158,1984
2022-03-21 05:23:39Z.430,1647840219.430,0x780db8,CES5735,0,0,N,22675,2101,395,158,1984
2022-03-21 05:23:42Z.249,1647840222.249,0x780db8,CES5735,24.70411,103.19427,P,22825,2101,396,158,2112
2022-03-21 05:23:43Z.191,1647840223.191,0x780db8,CES5735,0,0,N,22875,2101,396,158,1984
2022-03-21 05:23:43Z.580,1647840223.580,0x780db8,CES5735,24.70071,103.19572,P,22900,2101,396,158,2112
2022-03-21 05:23:47Z.104,1647840227.104,0x780db8,CES5735,24.69727,103.19717,P,23000,2101,396,158,2304
2022-03-21 05:23:48Z.040,1647840228.040,0x780db8,CES5735,0,0,N,23050,2101,396,158,1984
2022-03-21 05:23:49Z.173,1647840229.173,0x780db8,CES5735,24.69112,103.19981,P,23100,2101,396,158,2368
2022-03-21 05:23:55Z.409,1647840235.409,0x780db8,CES5735,24.68083,103.20422,P,23300,2101,397,158,2112
2022-03-21 05:24:00Z.484,1647840240.484,0x780db8,CES5735,24.67194,103.20821,P,23475,2101,400,157,2240
2022-03-21 05:24:06Z.402,1647840246.402,0x780db8,CES5735,24.66234,103.21355,P,23675,2101,405,150,3200
2022-03-21 05:24:08Z.971,1647840248.971,0x780db8,CES5735,0,0,N,23750,2101,396,158,2304
2022-03-21 05:24:11Z.705,1647840251.705,0x780db8,CES5735,24.65492,103.21905,P,23875,2101,405,144,2880
2022-03-21 05:24:13Z.774,1647840253.774,0x780db8,CES5735,0,0,N,23925,2101,405,144,2880
2022-03-21 05:24:17Z.824,1647840257.824,0x780db8,CES5735,24.64564,103.22666,P,24050,2101,406,142,1600
2022-03-21 05:24:23Z.175,1647840263.175,0x780db8,CES5735,24.63753,103.23349,P,24150,2101,408,142,1472
2022-03-21 05:24:28Z.584,1647840268.584,0x780db8,CES5735,24.62856,103.24112,P,24350,2101,410,141,2432
2022-03-21 05:24:34Z.375,1647840274.375,0x780db8,CES5735,24.62013,103.24894,P,24525,2101,413,139,2176
2022-03-21 05:24:39Z.656,1647840279.656,0x780db8,CES5735,24.61282,103.2564,P,24675,2101,415,136,1792
2022-03-21 05:24:45Z.015,1647840285.015,0x780db8,CES5735,24.60553,103.26456,P,24800,2101,417,134,1856
2022-03-21 05:24:46Z.126,1647840286.126,0x780db8,CES5735,24.60421,103.2661,P,24850,2101,418,133,1920
2022-03-21 05:25:14Z.222,1647840314.222,0x780db8,CES5735,0,0,N,24850,2101,418,133,1920
2022-03-21 05:25:22Z.360,1647840322.360,0x780db8,CES5735,0,0,N,25825,2101,426,131,1856
2022-03-21 05:25:32Z.868,1647840332.868,0x780db8,CES5735,24.54383,103.34165,P,26100,2101,429,128,1792
2022-03-21 05:25:38Z.764,1647840338.764,0x780db8,CES5735,24.53719,103.352,P,26275,2101,430,124,1920
2022-03-21 05:25:50Z.033,1647840350.033,0x780db8,CES5735,24.52637,103.37088,P,26575,2101,433,120,1792
2022-03-21 05:25:54Z.416,1647840354.416,0x780db8,CES5735,24.52093,103.38161,P,26700,2101,434,119,1728
2022-03-21 05:25:58Z.015,1647840358.015,0x780db8,CES5735,24.51773,103.38827,P,26800,2101,435,117,1728
2022-03-21 05:26:05Z.623,1647840365.623,0x780db8,CES5735,24.51073,103.40369,P,27000,2101,436,116,1664
2022-03-21 05:26:11Z.042,1647840371.042,0x780db8,CES5735,24.50587,103.41441,P,27125,2101,436,116,1664
2022-03-21 05:26:13Z.845,1647840373.845,0x780db8,CES5735,24.50336,103.41995,P,27200,2101,437,116,1600
2022-03-21 05:26:21Z.717,1647840381.717,0x780db8,CES5735,24.4963,103.43545,P,27375,2101,438,116,1344
2022-03-21 05:26:26Z.443,1647840386.443,0x780db8,CES5735,24.49192,103.44504,P,27475,2101,439,116,1280
2022-03-21 05:26:30Z.404,1647840390.404,0x780db8,CES5735,24.48825,103.45302,P,27550,2101,441,116,1536
2022-03-21 05:26:37Z.992,1647840397.992,0x780db8,CES5735,24.48131,103.46825,P,27775,2101,443,116,1792
2022-03-21 05:26:42Z.683,1647840402.683,0x780db8,CES5735,24.47708,103.47753,P,27900,2101,443,116,1792
2022-03-21 05:26:47Z.973,1647840407.973,0x780db8,CES5735,24.47232,103.48801,P,28050,2101,444,116,1856
2022-03-21 05:26:50Z.778,1647840410.778,0x780db8,CES5735,24.46953,103.49411,P,28125,2101,444,116,1856
2022-03-21 05:26:50Z.953,1647840410.953,0x780db8,CES5735,0,0,N,28125,2101,445,116,1856
2022-03-21 05:26:51Z.124,1647840411.124,0x780db8,,0,0,N,28125,0,445,116,1728
2022-03-21 05:26:55Z.270,1647840415.270,0x780db8,,24.46605,103.50179,P,28225,2101,445,116,1664
2022-03-21 05:26:56Z.895,1647840416.895,0x780db8,CES5735,24.46474,103.50463,P,28250,2101,445,116,1664
2022-03-21 05:26:58Z.514,1647840418.514,0x780db8,CES5735,0,0,N,28300,2101,446,116,1664
2022-03-21 05:27:05Z.994,1647840425.994,0x780db8,CES5735,24.45622,103.52324,P,28475,2101,447,116,1600
2022-03-21 05:27:10Z.479,1647840430.479,0x780db8,,0,0,N,28600,2101,447,116,1408
2022-03-21 05:27:12Z.952,1647840432.952,0x780db8,CES5735,24.44947,103.53785,P,28650,2101,448,116,1408
2022-03-21 05:27:17Z.257,1647840437.257,0x780db8,CES5735,24.44554,103.54639,P,28725,2101,449,116,1344
2022-03-21 05:27:23Z.134,1647840443.134,0x780db8,CES5735,24.43974,103.55904,P,28875,2101,449,116,1344
2022-03-21 06:06:00Z.192,1647842760.192,0x780db8,,23.69705,108.86017,P,29100,2101,457,93,-64
2022-03-21 06:06:04Z.768,1647842764.768,0x780db8,,23.69644,108.87073,P,29100,2101,457,93,-64
2022-03-21 06:06:43Z.752,1647842803.752,0x780db8,,23.69101,108.96042,P,29100,2101,457,93,-128
2022-03-21 06:06:48Z.972,1647842808.972,0x780db8,CES5735,23.69034,108.97194,P,29100,2101,457,93,-64
2022-03-21 06:06:57Z.672,1647842817.672,0x780db8,CES5735,23.68913,108.99175,P,29100,2101,457,93,0
2022-03-21 06:07:04Z.156,1647842824.156,0x780db8,CES5735,23.68811,109.00878,P,29100,2101,457,93,0
2022-03-21 06:07:09Z.670,1647842829.670,0x780db8,CES5735,23.68739,109.02029,P,29100,2101,457,93,0
2022-03-21 06:07:25Z.652,1647842845.652,0x780db8,CES5735,23.68515,109.05711,P,29100,2101,458,93,-64
2022-03-21 06:07:30Z.426,1647842850.426,0x780db8,CES5735,23.68451,109.06718,P,29100,2101,456,93,-64
2022-03-21 06:07:45Z.804,1647842865.804,0x780db8,CES5735,23.68219,109.10439,P,29125,2101,457,93,0
2022-03-21 06:07:47Z.888,1647842867.888,0x780db8,CES5735,23.6821,109.10626,P,29125,2101,457,93,0
2022-03-21 06:08:12Z.072,1647842892.072,0x780db8,CES5735,23.67439,109.16326,P,29100,2101,458,101,64
2022-03-21 06:08:18Z.064,1647842898.064,0x780db8,CES5735,23.67153,109.17726,P,29100,2101,459,102,0
2022-03-21 06:08:21Z.362,1647842901.362,0x780db8,CES5735,23.6705,109.18223,P,29100,2101,459,102,0
2022-03-21 06:08:28Z.258,1647842908.258,0x780db8,CES5735,23.6667,109.20126,P,29100,2101,460,102,-64
2022-03-21 06:08:31Z.884,1647842911.884,0x780db8,CES5735,23.66534,109.20804,P,29100,2101,460,102,0
2022-03-21 06:08:39Z.484,1647842919.484,0x780db8,CES5735,23.66222,109.22388,P,29100,2101,460,102,64
2022-03-21 06:08:44Z.798,1647842924.798,0x780db8,CES5735,23.65976,109.23613,P,29100,2101,460,102,0
2022-03-21 06:08:50Z.018,1647842930.018,0x780db8,CES5735,23.6575,109.24749,P,29100,2101,460,102,-64
2022-03-21 06:08:53Z.868,1647842933.868,0x780db8,CES5735,23.65553,109.25745,P,29100,2101,460,102,-64
2022-03-21 06:09:15Z.618,1647842955.618,0x780db8,CES5735,23.64556,109.30671,P,29100,2101,458,102,0
2022-03-21 06:09:20Z.404,1647842960.404,0x780db8,CES5735,23.64308,109.3189,P,29100,2101,458,102,0
2022-03-21 06:09:26Z.010,1647842966.010,0x780db8,CES5735,23.641,109.32931,P,29100,2101,458,102,0
2022-03-21 06:09:31Z.632,1647842971.632,0x780db8,CES5735,23.63814,109.34326,P,29100,2101,458,102,0
2022-03-21 06:09:33Z.640,1647842973.640,0x780db8,CES5735,23.63722,109.34779,P,29100,2101,458,102,0
2022-03-21 06:09:37Z.522,1647842977.522,0x780db8,CES5735,23.63539,109.35679,P,29100,2101,458,102,0
2022-03-21 06:10:00Z.026,1647843000.026,0x780db8,CES5735,23.62535,109.4059,P,29100,2101,457,102,64
2022-03-21 06:10:19Z.254,1647843019.254,0x780db8,CES5735,23.616,109.45176,P,29100,2101,457,102,-64
2022-03-21 06:10:27Z.768,1647843027.768,0x780db8,CES5735,23.61241,109.4693,P,29100,2101,456,102,0
2022-03-21 06:10:37Z.998,1647843037.998,0x780db8,CES5735,23.60757,109.49306,P,29100,2101,456,102,64
2022-03-21 06:10:43Z.706,1647843043.706,0x780db8,CES5735,23.60509,109.50521,P,29100,2101,456,102,0
2022-03-21 06:10:47Z.684,1647843047.684,0x780db8,CES5735,23.60296,109.5155,P,29100,2101,456,102,-64
2022-03-21 06:10:53Z.764,1647843053.764,0x780db8,CES5735,23.6004,109.52809,P,29100,2101,456,102,0
2022-03-21 06:10:59Z.072,1647843059.072,0x780db8,CES5735,23.59795,109.5402,P,29100,2101,455,102,0
2022-03-21 06:11:14Z.810,1647843074.810,0x780db8,CES5735,23.59123,109.57287,P,29100,2101,455,102,0
2022-03-21 06:11:19Z.092,1647843079.092,0x780db8,CES5735,23.58875,109.58501,P,29100,2101,455,102,0
2022-03-21 06:11:24Z.826,1647843084.826,0x780db8,CES5735,23.58623,109.59753,P,29100,2101,455,102,-64
2022-03-21 06:11:28Z.478,1647843088.478,0x780db8,CES5735,23.5844,109.60648,P,29100,2101,455,102,0
2022-03-21 06:11:35Z.082,1647843095.082,0x780db8,CES5735,23.58155,109.62039,P,29100,2101,455,102,0
2022-03-21 06:11:39Z.556,1647843099.556,0x780db8,CES5735,23.57945,109.63068,P,29100,2101,455,102,0
2022-03-21 06:11:44Z.248,1647843104.248,0x780db8,CES5735,23.57736,109.64096,P,29100,2101,455,102,0
2022-03-21 06:11:50Z.282,1647843110.282,0x780db8,CES5735,23.57461,109.65439,P,29100,2101,455,102,0
2022-03-21 06:11:54Z.908,1647843114.908,0x780db8,CES5735,23.57219,109.66605,P,29100,2101,455,102,64
2022-03-21 06:12:00Z.322,1647843120.322,0x780db8,CES5735,23.5697,109.67809,P,29100,2101,455,102,64
2022-03-21 06:12:06Z.094,1647843126.094,0x780db8,CES5735,23.56732,109.68974,P,29100,2101,455,102,0
2022-03-21 06:12:10Z.980,1647843130.980,0x780db8,CES5735,23.56484,109.70186,P,29100,2101,455,102,-64
2022-03-21 06:12:32Z.554,1647843152.554,0x780db8,CES5735,23.55511,109.74932,P,29100,2101,456,102,64
2022-03-21 06:12:37Z.202,1647843157.202,0x780db8,CES5735,23.55276,109.76049,P,29100,2101,456,102,0
2022-03-21 06:12:42Z.496,1647843162.496,0x780db8,CES5735,23.55057,109.77127,P,29100,2101,456,102,0
2022-03-21 06:12:48Z.036,1647843168.036,0x780db8,CES5735,23.54796,109.78378,P,29100,2101,456,102,0
2022-03-21 06:12:52Z.360,1647843172.360,0x780db8,CES5735,23.54584,109.79404,P,29100,2101,456,102,0
2022-03-21 06:12:57Z.998,1647843177.998,0x780db8,CES5735,23.54333,109.80615,P,29100,2101,456,102,-64
2022-03-21 06:13:07Z.840,1647843187.840,0x780db8,CES5735,23.53889,109.82763,P,29100,2101,455,102,0
2022-03-21 06:13:13Z.082,1647843193.082,0x780db8,CES5735,23.53621,109.84055,P,29100,2101,455,102,64
2022-03-21 06:13:23Z.944,1647843203.944,0x780db8,CES5735,23.5313,109.86418,P,29100,2101,455,102,0
2022-03-21 06:13:49Z.154,1647843229.154,0x780db8,CES5735,23.51981,109.91951,P,29100,2101,454,102,64
2022-03-21 06:13:54Z.680,1647843234.680,0x780db8,CES5735,23.51683,109.93379,P,29100,2101,455,102,0
2022-03-21 06:14:00Z.420,1647843240.420,0x780db8,CES5735,23.51445,109.94538,P,29100,2101,455,102,0
2022-03-21 06:14:05Z.678,1647843245.678,0x780db8,CES5735,23.51202,109.95702,P,29100,2101,455,102,0
2022-03-21 06:14:14Z.986,1647843254.986,0x780db8,CES5735,23.50735,109.97934,P,29100,2101,455,102,0
2022-03-21 06:14:20Z.766,1647843260.766,0x780db8,CES5735,23.50475,109.99187,P,29100,2101,456,102,-64
2022-03-21 06:14:26Z.924,1647843266.924,0x780db8,CES5735,23.50214,110.00436,P,29100,2101,456,102,-128
2022-03-21 06:14:31Z.462,1647843271.462,0x780db8,CES5735,23.50012,110.01419,P,29100,2101,456,102,-64
2022-03-21 06:14:41Z.434,1647843281.434,0x780db8,CES5735,23.49538,110.03698,P,29100,2101,455,102,64
2022-03-21 06:14:47Z.032,1647843287.032,0x780db8,CES5735,23.49271,110.04995,P,29100,2101,455,102,64
2022-03-21 06:14:51Z.960,1647843291.960,0x780db8,CES5735,23.49021,110.062,P,29100,2101,454,102,64
2022-03-21 06:14:57Z.160,1647843297.160,0x780db8,CES5735,23.48816,110.07177,P,29100,2101,454,102,64
2022-03-21 06:15:13Z.450,1647843313.450,0x780db8,CES5735,23.48053,110.10834,P,29100,2101,455,102,0
2022-03-21 06:15:18Z.762,1647843318.762,0x780db8,CES5735,23.47797,110.12041,P,29100,2101,455,102,0
2022-03-21 06:15:23Z.728,1647843323.728,0x780db8,CES5735,23.47602,110.1298,P,29100,2101,455,102,0
2022-03-21 06:15:28Z.968,1647843328.968,0x780db8,CES5735,23.47322,110.14318,P,29100,2101,455,102,0
2022-03-21 06:15:33Z.482,1647843333.482,0x780db8,CES5735,23.47087,110.15437,P,29100,2101,455,102,0
2022-03-21 06:15:38Z.770,1647843338.770,0x780db8,CES5735,23.46856,110.16556,P,29100,2101,456,102,0
2022-03-21 06:15:43Z.742,1647843343.742,0x780db8,CES5735,23.46625,110.17674,P,29100,2101,456,102,0
2022-03-21 06:15:54Z.188,1647843354.188,0x780db8,CES5735,23.46121,110.20086,P,29100,2101,456,102,-64
2022-03-21 06:15:59Z.752,1647843359.752,0x780db8,CES5735,23.45901,110.2116,P,29100,2101,455,102,0
2022-03-21 06:16:05Z.064,1647843365.064,0x780db8,CES5735,23.45659,110.22318,P,29100,2101,455,102,0
2022-03-21 06:16:10Z.006,1647843370.006,0x780db8,CES5735,23.45398,110.23572,P,29100,2101,455,102,0
2022-03-21 06:16:15Z.438,1647843375.438,0x780db8,CES5735,23.45144,110.24775,P,29100,2101,455,102,0
2022-03-21 06:16:20Z.980,1647843380.980,0x780db8,CES5735,23.44908,110.25889,P,29100,2101,455,102,0
2022-03-21 06:16:24Z.264,1647843384.264,0x780db8,CES5735,23.44729,110.26739,P,29100,2101,455,102,0
2022-03-21 06:16:30Z.494,1647843390.494,0x780db8,CES5735,23.44445,110.28076,P,29100,2101,455,102,0
2022-03-21 06:16:35Z.762,1647843395.762,0x780db8,CES5735,23.44189,110.29279,P,29100,2101,455,102,64
2022-03-21 06:16:51Z.362,1647843411.362,0x780db8,CES5735,23.43463,110.32715,P,29100,2101,455,102,-64
2022-03-21 06:17:01Z.876,1647843421.876,0x780db8,CES5735,23.43016,110.35044,P,29100,2101,455,100,64
2022-03-21 06:17:12Z.520,1647843432.520,0x780db8,CES5735,23.42625,110.37476,P,29100,2101,454,100,0
2022-03-21 06:17:17Z.928,1647843437.928,0x780db8,CES5735,23.42427,110.38688,P,29100,2101,454,99,-64
2022-03-21 06:17:37Z.874,1647843457.874,0x780db8,CES5735,23.4169,110.43282,P,29100,2101,454,99,0
2022-03-21 06:17:43Z.990,1647843463.990,0x780db8,CES5735,23.41508,110.44408,P,29100,2101,454,99,0
2022-03-21 06:18:03Z.930,1647843483.930,0x780db8,CES5735,23.40761,110.4905,P,29100,2101,455,99,-64
2022-03-21 06:18:09Z.350,1647843489.350,0x780db8,CES5735,23.40555,110.50314,P,29100,2101,455,99,0
2022-03-21 06:18:14Z.714,1647843494.714,0x780db8,CES5735,23.40381,110.51397,P,29100,2101,455,99,64
2022-03-21 06:18:19Z.230,1647843499.230,0x780db8,CES5735,23.40189,110.5257,P,29100,2101,455,99,64
2022-03-21 06:18:24Z.944,1647843504.944,0x780db8,CES5735,23.3999,110.53793,P,29100,2101,455,99,0
2022-03-21 06:18:59Z.025,1647843539.025,0x780db8,,0,0,N,29100,0,458,99,0
2022-03-21 06:19:00Z.514,1647843540.514,0x780db8,CES5735,23.38668,110.61935,P,29100,2101,456,99,0
2022-03-21 06:19:01Z.976,1647843541.976,0x780db8,,0,0,N,29100,0,458,99,-32
2022-03-21 06:19:05Z.304,1647843545.304,0x780db8,,0,0,N,29100,0,456,99,0
2022-03-21 06:19:07Z.645,1647843547.645,0x780db8,,23.38421,110.63471,P,29100,0,456,99,32
2022-03-21 06:19:09Z.534,1647843549.534,0x780db8,,23.38353,110.63876,P,29100,0,457,100,0
2022-03-21 06:19:10Z.960,1647843550.960,0x780db8,CES5735,23.38293,110.64241,P,29100,2101,457,100,0
2022-03-21 06:19:16Z.570,1647843556.570,0x780db8,CES5735,23.38095,110.6546,P,29100,2101,457,100,0
2022-03-21 06:19:26Z.908,1647843566.908,0x780db8,CES5735,23.37723,110.67724,P,29100,2101,457,100,64
2022-03-21 06:19:32Z.020,1647843572.020,0x780db8,CES5735,23.37524,110.6894,P,29100,2101,457,100,64
2022-03-21 06:19:37Z.038,1647843577.038,0x780db8,CES5735,23.37337,110.70074,P,29100,2101,457,100,0
2022-03-21 06:19:37Z.695,1647843577.695,0x780db8,,0,0,N,29100,2101,457,100,0
2022-03-21 06:19:41Z.680,1647843581.680,0x780db8,,0,0,N,29100,2101,458,100,0
2022-03-21 06:19:44Z.261,1647843584.261,0x780db8,,0,0,N,29100,2101,457,100,0
2022-03-21 06:19:46Z.999,1647843586.999,0x780db8,,0,0,N,29100,2101,458,100,0
2022-03-21 06:19:47Z.156,1647843587.156,0x780db8,CES5735,23.36948,110.72466,P,29100,2101,457,100,-64
2022-03-21 06:19:50Z.666,1647843590.666,0x780db8,CES5735,23.36829,110.7319,P,29100,2101,457,100,0
2022-03-21 06:19:52Z.580,1647843592.580,0x780db8,CES5735,23.36769,110.73554,P,29100,2101,457,100,0
2022-03-21 06:19:53Z.572,1647843593.572,0x780db8,CES5735,23.36732,110.73782,P,29100,2101,458,100,0
2022-03-21 06:19:56Z.386,1647843596.386,0x780db8,CES5735,23.36618,110.74458,P,29100,2101,457,100,0
2022-03-21 06:19:57Z.120,1647843597.120,0x780db8,CES5735,23.36583,110.74682,P,29100,2101,457,100,0
2022-03-21 06:19:59Z.386,1647843599.386,0x780db8,CES5735,23.36508,110.75134,P,29100,2101,457,100,0
2022-03-21 06:20:05Z.490,1647843605.490,0x780db8,CES5735,0,0,N,29100,2101,457,100,0
2022-03-21 06:20:07Z.620,1647843607.620,0x780db8,CES5735,23.36182,110.77128,P,29100,2101,457,100,0
2022-03-21 06:20:12Z.932,1647843612.932,0x780db8,CES5735,23.35987,110.78303,P,29100,2101,457,100,0
2022-03-21 06:20:18Z.822,1647843618.822,0x780db8,CES5735,23.35791,110.79478,P,29100,2101,457,100,0
2022-03-21 06:20:23Z.936,1647843623.936,0x780db8,CES5735,23.35593,110.80695,P,29100,2101,457,100,0
2022-03-21 06:20:25Z.666,1647843625.666,0x780db8,CES5735,0,0,N,29100,2101,457,100,0
2022-03-21 06:20:33Z.596,1647843633.596,0x780db8,CES5735,23.35236,110.82868,P,29100,2101,457,100,0
2022-03-21 06:20:38Z.772,1647843638.772,0x780db8,CES5735,23.35043,110.84042,P,29100,2101,457,100,0
2022-03-21 06:20:43Z.714,1647843643.714,0x780db8,CES5735,23.34874,110.85083,P,29100,2101,457,100,0
2022-03-21 06:20:59Z.832,1647843659.832,0x780db8,CES5735,23.35812,110.88536,P,27025,2101,433,98,-21696
2022-03-21 06:20:59Z.987,1647843659.987,0x780db8,CES5735,0,0,N,26875,2101,436,98,-21888
2022-03-21 06:21:04Z.116,1647843664.116,0x780db8,CES5735,23.35744,110.89615,P,24925,2101,425,91,-30784
2022-03-21 06:21:09Z.150,1647843669.150,0x780db8,CES5735,23.35661,110.90543,P,22250,2101,386,100,-30976
2022-03-21 06:21:14Z.952,1647843674.952,0x780db8,CES5735,23.35263,110.91592,P,17325,2101,429,123,-30976
2022-03-21 06:21:19Z.828,1647843679.828,0x780db8,CES5735,23.34474,110.92432,P,15325,2101,520,140,-22528
2022-03-21 06:21:30Z.678,1647843690.678,0x780db8,CES5735,23.3231,110.94439,P,12725,2101,551,127,-16832
2022-03-21 06:21:35Z.160,1647843695.160,0x780db8,CES5735,23.31711,110.95592,P,11000,2101,556,112,-21312
2022-03-21 06:21:40Z.820,1647843700.820,0x780db8,CES5735,23.3142,110.96949,P,9150,2101,558,100,-21888
2022-03-21 06:21:45Z.578,1647843705.578,0x780db8,CES5735,23.3149,110.98338,P,7850,2101,590,81,-15744
2022-03-21 06:21:55Z.848,1647843715.848,0x780db8,CES5735,23.30773,111.01476,P,7425,2101,565,75,3520
2022-03-21 06:22:01Z.064,1647843721.064,0x780db8,CES5735,23.3094,111.02875,P,8025,0,531,84,7360
2022-03-21 06:22:05Z.000,1647843725.000,0x780db8,CES5735,23.30974,111.04041,P,8600,0,507,88,8448
2022-03-21 06:22:21Z.870,1647843741.870,0x780db8,CES5735,23.33031,111.07468,P,8175,0,446,79,-13248
2022-03-21 06:22:31Z.888,1647843751.888,0x780db8,CES5735,23.33533,111.09754,P,4375,0,442,73,-26752
2022-03-21 06:22:35Z.972,1647843755.972,0x780db8,CES5735,23.33752,111.10558,P,3225,0,376,87,-30976
